    {
        "name"                  :"Theme",
        "description"           :"Basic theme plugin",
        "namespace"             :"Theme",
        "author"                :"Victor Noual",
        "keywords"              : ["theme", "Ceres", "template"],
        "type"                  :"theme",
        "require"               : [],
        "serviceProvider"       :"Theme\\Providers\\ThemeServiceProvider",
        "dataProviders"         :
        [
            {
                "key"           :"Theme\\Containers\\ThemeContainer",
                "name"          :"Schwarzer Hintergrund",
                "description"   :"Ändert die Hintergrundsfarbe des Ceres Templates"
            }
        ]
    }